[
  {
    "id": 1,
    "title": "Samsung M12",
    "ImagePath": "./samsung_m12.jpg",
    "detail1" : "Samsung Galaxy M12 (Blue, 4GB RAM, 64GB Storage)",
    "detail2" : "6000mAh with 8nm Processor | True 48 MP Quad Camera | 90Hz Refresh Rate",
    "description": "Garlic are <span class=\"label label-info\">15 CHF each</span>",
    "tableCon1" : "48MP + 5MP + 2MP + 2MP Quad camera setup- True 48MP (F.2.0) main camera + 5MP (F2.2) Ultra wide camera + 2MP (F2.4) depth camera + 2MP (2.4) Macro Camera | 8MP (F2.2) front came.",
    "tableCon2" : "6000mAh lithium-ion battery, 1 year manufacturer warranty for device and 6 months manufacturer warranty for in-box accessories including batteries from the date of purchase.",
    "tableCon3" : "Android 11, v11.0 operating system, One UI 3.1, with 8nm Power Efficient Exynos850 (Octa Core 2.0GH).",
    "tableCon4" : "16.55 centimeteres (6.5-inch) HD + TFT LCD - infinity v-cut display, 90Hz screen refresh rate, HD + resolution with 720 x 1600 pixels resolution, 269 PPI with 16M color.",
    "tableCon5" : "Memory, Storage & SIM: 4GB RAM | 64GB internal memeory expandable up to 1TB.",
    "price": 13000
  },
  {
    "id": 2,
    "title": "Samsung M32",
    "ImagePath": "./samsung_m_32.jpg",
    "detail1" : "Samsung Galaxy M32 5G",
    "detail2" : "Sky Blue, 8GB RAM, 128GB Storage",
    "description": "Oranges are <span class=\"label label-info\">30 CHF each</span>",
    "tableCon1" : "MediaTek | Dimensity 720 Octa Core 2GHz Processor with the widest 12 band support for a True 5G experience",
    "tableCon2" : "16.55 centimeters (6.5-inch) TFT - Infinity V-cut display, HD+ resolution, 720 X 1600 pixels protected by Gorilla Glass 5",
    "tableCon3" : "Versatile Quad camera setup-48MP (F 1.8) main camera + 8MP (F2.2) Ultra wide camera+ 5MP (F2.4) depth camera + 2MP (2.4) Macro Camera| 13MP (F2.2) front camera",
    "tableCon4" : "Monster 5000 mAh Battery | Memory, Storage & SIM: 8GB RAM | 128GB internal memory expandable up to 1TB| SIM 1 + Hybrid (SIM or MicroSD)",
    "tableCon5" : "Latest Android v11.0, One UI 3.1 operating system, available right out of the box",
    "price": 14000
  },
  {
    "id": 3,
    "title": "Redmi_9A",
    "ImagePath": "./redmi_9A.jpg",
    "detail1" : "Redmi 9A (Nature Green, 2GB RAM, 32GB Storage)",
    "detail2" : "2GHz Octa-core Helio G25 Processor | 5000 mAh Battery",
    "description": "Apples are <span class=\"label label-info\">25 CHF each</span>",
    "tableCon1" : "13MP rear camera with AI portrait, AI scene recognition, HDR, pro mode | 5MP front camera. Hybrid Sim Slot : Yes",
    "tableCon2" : "16.58 centimeters (6.53 inch) HD+ multi-touch capacitive touchscreen with 1600 x 720 pixels resolution, 268 ppi pixel density and 20:9 aspect ratio",
    "tableCon3" : "Memory, Storage & SIM: 2GB RAM, 32GB internal memory expandable up to 512GB | Dual SIM (nano+nano) + Dedicated SD card slot",
    "tableCon4" : "5000mAH lithium-polymer large battery with 10W wired charger in-box",
    "tableCon5" : "Android v10 operating system with upto 2.0GHz clock speed Mediatek Helio G25 octa core processor",
    "price": 9000
  },
  {
    "id": 4,
    "title": "Mathematics Ncert",
    "ImagePath": "./mathematics_ncert.webp",
    "detail1" : "Objective NCERT at your fingertips Mathematics",
    "detail2" : "by MTG Editorial Board",
    "description": "Papayas are <span class=\"label label-info\">50 CHF each</span>, but are <span class=\"label label-warning\">available as 3 for the price of 2</span>",
    "tableCon1" : "MTG’s Objective NCERT at your Fingertips - Mathematics; is an unparalleled designed in sync with NCERT 11th & 12th Syllabus book to let you have NCERT at your fingertips.",
    "tableCon2" : "This book is designed as per the fact that most of the questions asked in JEE/PETs are from Mathematics NCERT books. ",
    "tableCon3" : "It gives a snapshot to revise the important concepts quickly and accommodates chapter wise student friendly synopses for quick and easy revision. ",
    "tableCon4" : "The book contains topic wise MCQs to practice and check your progress, NCERT exemplar MCQs, HOTS, Assertion and reasoning for an edge in your JEE and other engineering exams preparation and 6 practice papers for self-assessment",
    "tableCon5" : "It possesses 100 + Questions in an average to guarantee the complete revision of NCERT Mathematics",
    "price": 250
  },
  {
    "id": 5,
    "title": "Concept of Physics",
    "ImagePath": "./concept_of_physics.webp",
    "detail1" : "Concept of Physics",
    "detail2" : "Part-1 (2019-2020 Session) by H.C Verma",
    "description": "Papayas are <span class=\"label label-info\">50 CHF each</span>, but are <span class=\"label label-warning\">available as 3 for the price of 2</span>",
    "tableCon1" : "H C Verma s Concepts Of Physics is an all-inclusive book, which serves to detail out the ABC of physics in an intricate manner",
    "tableCon2" : "It is an ideal book for not only the higher secondary students, but also for those who are preparing for their competitive examinations.",
    "tableCon3" : "Physics as a subject is vast and to have all the concepts of Physics compiled in one book is indeed a boon to all students",
    "tableCon4" : "The book has been tailored to meet the needs 10 + 2 or higher secondary students and for the students who are appearing for a competitive examination.",
    "tableCon5" : "It has everything a student would possibly need for their success in exams.",
    "price": 320
  },
  {
    "id": 6,
    "title": "Ncert fingertips",
    "ImagePath": "./ncert_fingertips.webp",
    "detail1" : "Objective NCERT at your fingertips for NEEt-AIIMS",
    "detail2" : "by MTG Editorial Board",
    "description": "newFruit are <span class=\"label label-info\">50 CHF each</span>, but are <span class=\"label label-warning\">available as 3 for the price of 2</span>",
    "tableCon1" : "Objective NCERT at your Fingertips - Biology; is an unparalleled book to let you have NCERT at your fingertips.",
    "tableCon2" : "This book is designed as per the fact that most of the questions asked in PMTs/PETs are from Biology NCERT books.",
    "tableCon3" : "It gives a snapshots to revise the important concepts quickly and accommodates chapter wise student friendly synopses for quick and easy revision, topic wise MCQs to practice and check your progress, NCERT exemplar MCQs, Assertion and reasoning for an edge in your AIIMS/JEE preparation and 6 practice papers for self-assessment",
    "tableCon4" : "It possess 75 Questions in average to guarantee the complete revision of NCERT Biology.",
    "tableCon5" : "This book also gives an advantage to gauze your progress with Preparation Meter.",
    "price": 299
  },
  {
    "id": 7,
    "title": "Aashirvaad aata",
    "ImagePath": "./aashirvaad_aata.webp",
    "detail1" : "Aashirvaad aata",
    "detail2" : "Aashirvaad Select Sharbati Whole Wheat Atta (5 kg)",
    "description": "newFruit are <span class=\"label label-info\">50 CHF each</span>, but are <span class=\"label label-warning\">available as 3 for the price of 2</span>",
    "tableCon1" : "Aashirvaad Select is made with 100% MP Sharbati wheat which is harvested from the Sehore region of Madhya Pradesh.",
    "tableCon2" : "Aashirvaad Select is a premium quality atta made from the King of Wheat – Sharbati wheat which is bigger in size and has a golden sheet.",
    "tableCon3" : "Rotis made with Aashirvaad Select Sharbati atta are sweet in taste and softer in texture",
    "tableCon4" : "This premium quality wheat flour has been made with Aashirvaad’s process to lock in nutrition which ensures that you and your family receive the taste as well as nutrition",
    "tableCon5" : "ashirvaad Select has been made with love in India",
    "price": 350
  },
  {
    "id": 8,
    "title": "Tata sampann",
    "ImagePath": "./tata_sampann.webp",
    "detail1" : "Tata Sampann",
    "detail2" : "Tata Sampann Unpolished Toor Dal/Arhar Dal, 1kg)",
    "description": "newFruit are <span class=\"label label-info\">50 CHF each</span>, but are <span class=\"label label-warning\">available as 3 for the price of 2</span>",
    "tableCon1" : "Tata Sampann Toor dal is unpolished as it does not undergo any artificial polishing with water, oil or leather thereby retaining its goodness and wholesomeness.",
    "tableCon2" : "The 5-step process ensures that Tata Sampann Toor dal grains are uniform and of premium quality, giving you an all-natural, authentic taste.",
    "tableCon3" : "So, whenever you are in the mood to cook something easy and delicious, dive into the scrumptious taste of Tata Sampann pulses, and enjoy a lovely meal!",
    "tableCon4" : "Storage: Store in a cool and dry place.",
    "tableCon5" : "Transfer contents in an airtight container after opening.",
    "price": 250
  },
  {
    "id": 9,
    "title": "Vim bar",
    "ImagePath": "./vim_bar.webp",
    "detail1" : "Vim Dishwash bar lemon, Removes sustainable",
    "detail2" : "ans Grease with power of Lemon, 200g (Pack of 3)",
    "description": "newFruit are <span class=\"label label-info\">50 CHF each</span>, but are <span class=\"label label-warning\">available as 3 for the price of 2</span>",
    "tableCon1" : "It provides a pleasant cleaning experience with its refreshing lemon fragrance during dishwash.",
    "tableCon2" : "It can be used on all kinds of utensils",
    "tableCon3" : "Vim Dishwash Bar is available in different sizes and packaging like single packs, multipacks and tub packs",
    "tableCon4" : "Vim Dishwash Bar has the power of 100 lemons(power refers to the cleaning benefits of lemons) which helps in the fastest removal of burnt food(as per the independent lab test conducted on burnt food stains).",
    "tableCon5" : "Vim Dishwash Bar is the No.1 dishwash brand in India.",
    "price": 45
  },
  {
    "id": 10,
    "title": "Baby boy kurti",
    "ImagePath": "./baby_boy_kurti.webp",
    "detail1" : "Jinie Boy Kurta",
    "detail2" : "Jinie Baby Boy's Silk Cotton Blend Embroidered Dhoti, Kurta pyhama (Multicolour, 6 Months)",
    "description": "newFruit are <span class=\"label label-info\">50 CHF each</span>, but are <span class=\"label label-warning\">available as 3 for the price of 2</span>",
    "tableCon1" : "Care Instructions: Machine Wash",
    "tableCon2" : "Front buttoned kurtha for easy dressing",
    "tableCon3" : "Attractive designer dress for your little baby",
    "tableCon4" : "This set of Dress is essential to any baby's wardrobe and these dresses are so attractive that baby would love to wear it.",
    "tableCon5" : "Assorted colours, beautiful prints/ embroidery/ stone work and new designs to be wore for your dear little baby.",
    "price": 500
  },
  {
    "id": 11,
    "title": "Baby girl dress",
    "ImagePath": "./baby_girl_dress.webp",
    "detail1" : "Fashion Berrylush dress",
    "detail2" : "Fashion Navy Blue Polka dot frock dress",
    "description": "newFruit are <span class=\"label label-info\">50 CHF each</span>, but are <span class=\"label label-warning\">available as 3 for the price of 2</span>",
    "tableCon1" : "Care Instructions: Hand Wash only",
    "tableCon2" : "Care Instructions: Machine Wash",
    "tableCon3" : "Nice Frock",
    "tableCon4" : "Your sweet heart will enjoy the superb smooth fit and exceptional cofort",
    "tableCon5" : "Pattern: Polka Dot Print Casual",
    "price": 500
  },
  {
    "id": 12,
    "title": "Puma",
    "ImagePath": "./puma.jpg",
    "detail1" : "Black puma shirt",
    "detail2" : "Graphic Print Men round neck black T-shirt",
    "description": "newFruit are <span class=\"label label-info\">50 CHF each</span>, but are <span class=\"label label-warning\">available as 3 for the price of 2</span>",
    "tableCon1" : "Care Instructions: Machine Wash",
    "tableCon2" : "Fit Type: Regular",
    "tableCon3" : "Color name: Puma Black",
    "tableCon4" : "Material: Polyester Blend",
    "tableCon5" : "Short Sleeve",
    "price": 799
  },
  {
    "id": 13,
    "title": "Girl dress",
    "ImagePath": "./girl_dress.webp",
    "detail1" : "Fashion Berrylush dress",
    "detail2" : "Fashion navy blue polka dot Frock dress",
    "description": "newFruit are <span class=\"label label-info\">50 CHF each</span>, but are <span class=\"label label-warning\">available as 3 for the price of 2</span>",
    "tableCon1" : "Care Instructions: Machine Wash",
    "tableCon2" : "Fit Type: Regular",
    "tableCon3" : "Care Instructions: Machine Wash",
    "tableCon4" : "Fabric: Net/Mesh",
    "tableCon5" : "Pattern: Floral",
    "price": 399
  },
  {
    "id": 14,
    "title": "Hillton fryer",
    "ImagePath": "./hillton_fryer.webp",
    "detail1" : "Hillton Fryer",
    "detail2" : "Hilton 3.5 liters air fryer, 1400 watts (black, large)",
    "description": "newFruit are <span class=\"label label-info\">50 CHF each</span>, but are <span class=\"label label-warning\">available as 3 for the price of 2</span>",
    "tableCon1" : "Brand:      HILTON",
    "tableCon2" : "Model Number: Air Fryer (3.5 L)",
    "tableCon3" : "Material: PP (Polypropylene)",
    "tableCon4" : "Pan Capacity: 3.5 L",
    "tableCon5" : "Power Consumption: 1400 W",
    "price": 8999
  },
  {
    "id": 15,
    "title": "Spice container",
    "ImagePath": "./masale.jpg",
    "detail1" : "Masala Ract set / Condiment set / Spice container",
    "detail2" : "LEVERET Multipurpose plastic big Revolving spice rack 16 in 1",
    "description": "newFruit are <span class=\"label label-info\">50 CHF each</span>, but are <span class=\"label label-warning\">available as 3 for the price of 2</span>",
    "tableCon1" : "LEVERET-Package content: Jars are made by high quality BPA free food grade PP plastic material and spice rack is made by high quality ABS thermoplastic which makes this spice rack unbreakable.",
    "tableCon2" : "LEVERET-360 Degree Rotation- This spice rack has 360-degree revolving feature which helps to find the desire spice more quickly.",
    "tableCon3" : "LEVERET-Detachable Parts- All parts of this spice rack are easily detachable which helps for easy cleaning. And spice jar pickup from spice rack also very easy.",
    "tableCon4" : "LEVERET-Transparent Jars with Rotatable Lids- The jars of this spice rack are made by food grade material. It has transparent body which helps in easy accessibility of spices.",
    "tableCon5" : "LEVERET-This spice rack is unbreakable, dishwasher safe, scratch resistance, Food safe, light weight, durable, BPA free. ",
    "price": 699
  },
  {
    "id": 16,
    "title": "Piegon",
    "ImagePath": "./piegon_.jpg",
    "detail1" : "Pigeon Amaze plus, Electric kettle (14289) with stainless stell body, 1.5 litre",
    "detail2" : "used for boiling water, making tea and coffee, instant noodles, soup etc.",
    "description": "newFruit are <span class=\"label label-info\">50 CHF each</span>, but are <span class=\"label label-warning\">available as 3 for the price of 2</span>",
    "tableCon1" : "You can easily make tea, coffee, instant noodles, and more with the help of the Pigeon Favourite Electric Kettle. ",
    "tableCon2" : "With its easy-grip cool-touch handle, this electric kettle enables you to pour your beverages easily and comfortably. ",
    "tableCon3" : "Thanks to its power consumption of up to 1200 W, this electric kettle offers optimal performance while conserving energy.",
    "tableCon4" : "Designed using high-quality stainless steel, this electric kettle offers safety and long-lasting performance.",
    "tableCon5" : "Furthermore, it boasts a 360-degree cordless design that lets you conveniently move it in any direction.",
    "price": 499
  },
  {
    "id": 17,
    "title": "Piegon chopper",
    "ImagePath": "./piegon_chopper.jpg",
    "detail1" : "Pigeon polypropylene mini handy and compact chopper",
    "detail2" : "with 3 Blades for Effortlessly chopping Vegetables and Fruits for your kitchen (12420, Green, 400ml)",
    "description": "newFruit are <span class=\"label label-info\">50 CHF each</span>, but are <span class=\"label label-warning\">available as 3 for the price of 2</span>",
    "tableCon1" : "Whether you want to prepare an amazing salad with assorted veggies ",
    "tableCon2" : " make a delicious vegetable recipe, this Pigeon Handy Vegetable Chopper will be your ideal kitchen helper. ",
    "tableCon3" : "It comes with three stainless-steel blades that can cut everything from fruits to vegetables with ease.",
    "tableCon4" : "You can also remove the attachments of this chopper and clean them in a hassle-free way.",
    "tableCon5" : "Made from a high-quality, food-grade ABS material, this chopper offers safe and superior performance. It also ensures durability.",
    "price": 299
  }
]


